<?xml version="1.0" encoding="utf-8"?>
<odoo>
     <!-- Account Tags -->

     <record id="tag_cl_01" model="account.account.tag">
        <field name="country_id" ref="base.cl"/>
        <field name="name">Impuestos Directos a Pagar</field>
        <field name="applicability">taxes</field>
    </record>

    <record id="tag_cl_02" model="account.account.tag">
        <field name="country_id" ref="base.cl"/>
        <field name="name">Impuesto a la Renta Primera Categoría a Pagar</field>
        <field name="applicability">taxes</field>
    </record>

    <record id="tag_cl_03" model="account.account.tag">
        <field name="country_id" ref="base.cl"/>
        <field name="name">Impuesto General a las Ventas (IVA) Total a Pagar</field>
        <field name="applicability">taxes</field>
    </record>

    <record id="tag_cl_04" model="account.account.tag">
        <field name="country_id" ref="base.cl"/>
        <field name="name">Impuesto Pagado</field>
        <field name="applicability">taxes</field>
    </record>

    <record id="tag_cl_05" model="account.account.tag">
        <field name="country_id" ref="base.cl"/>
        <field name="name">Impuesto Pagado IVA</field>
        <field name="applicability">taxes</field>
    </record>

    <record id="tag_cl_06" model="account.account.tag">
        <field name="country_id" ref="base.cl"/>
        <field name="name">Impuesto Pagado de Exonerados al IVA</field>
        <field name="applicability">taxes</field>
    </record>

    <record id="tag_cl_07" model="account.account.tag">
        <field name="country_id" ref="base.cl"/>
        <field name="name">Impuesto Pagado Fuera de Ámbito</field>
        <field name="applicability">taxes</field>
    </record>

    <record id="tag_cl_08" model="account.account.tag">
        <field name="country_id" ref="base.cl"/>
        <field name="name">Impuesto Cobrado</field>
        <field name="applicability">taxes</field>
    </record>

    <record id="tag_cl_09" model="account.account.tag">
        <field name="country_id" ref="base.cl"/>
        <field name="name">Impuesto Cobrado IVA</field>
        <field name="applicability">taxes</field>
    </record>

    <record id="tag_cl_10" model="account.account.tag">
        <field name="country_id" ref="base.cl"/>
        <field name="name">Impuesto Cobrado de Exonerados al IVA</field>
        <field name="applicability">taxes</field>
    </record>

    <record id="tag_cl_11" model="account.account.tag">
        <field name="country_id" ref="base.cl"/>
        <field name="name">Impuesto Cobrado Fuera de Ámbito</field>
        <field name="applicability">taxes</field>
    </record>

   <record id="tag_cl_12" model="account.account.tag">
        <field name="country_id" ref="base.cl"/>
        <field name="name">Base Imponible</field>
        <field name="applicability">taxes</field>
    </record>

    <record id="tag_cl_13" model="account.account.tag">
        <field name="country_id" ref="base.cl"/>
        <field name="name">Base Imponible - Ventas</field>
        <field name="applicability">taxes</field>
    </record>

    <record id="tag_cl_14" model="account.account.tag">
        <field name="country_id" ref="base.cl"/>
        <field name="name">Ventas Gravadas con IVA</field>
        <field name="applicability">taxes</field>
    </record>

    <record id="tag_cl_15" model="account.account.tag">
        <field name="country_id" ref="base.cl"/>
        <field name="name">Ventas NO Gravadas (Exoneradas)</field>
        <field name="applicability">taxes</field>
    </record>

    <record id="tag_cl_16" model="account.account.tag">
        <field name="country_id" ref="base.cl"/>
        <field name="name">Ventas Gravadas Fuera de Ámbito</field>
        <field name="applicability">taxes</field>
    </record>

    <record id="tag_cl_17" model="account.account.tag">
        <field name="country_id" ref="base.cl"/>
        <field name="name">Base Imponible - Compras</field>
        <field name="applicability">taxes</field>
    </record>

    <record id="tag_cl_18" model="account.account.tag">
        <field name="country_id" ref="base.cl"/>
        <field name="name">Compras Gravadas con IVA</field>
        <field name="applicability">taxes</field>
    </record>

    <record id="tag_cl_19" model="account.account.tag">
        <field name="country_id" ref="base.cl"/>
        <field name="name">Compras NO Gravadas (Exoneradas)</field>
        <field name="applicability">taxes</field>
    </record>

    <record id="tag_cl_20" model="account.account.tag">
        <field name="country_id" ref="base.cl"/>
        <field name="name">Compras Gravadas Fuera de Ámbito</field>
        <field name="applicability">taxes</field>
    </record>

    <record id="tag_cl_21" model="account.account.tag">
        <field name="country_id" ref="base.cl"/>
        <field name="name">Compras Retención a la Renta 2da Categoría a Pagar</field>
        <field name="applicability">taxes</field>
    </record>

    <record id="tag_cl_22" model="account.account.tag">
        <field name="country_id" ref="base.cl"/>
        <field name="name">Impuesto Retenido 2da Categoría</field>
        <field name="applicability">taxes</field>
    </record>


    <record id="IVAV_19" model="account.tax.template">
      <field name="chart_template_id" ref="cl_chart_template_sii"/>
      <field name="name">IVA 19% Venta</field>
      <field name="description">IVA 19% Venta</field>
      <field name="amount">19</field>
      <field name="sii_code">14</field>
      <field name="amount_type">percent</field>
      <field name="type_tax_use">sale</field>
      <field name="sequence" eval="1"/>
      <field name="invoice_repartition_line_ids" eval="[(5, 0, 0),
          (0,0, {
              'factor_percent': 100,
              'repartition_type': 'base',
              'plus_report_line_ids': [ref('tax_report_ventas_netas_gravadas_c_iva')],
          }),
          (0,0, {
              'factor_percent': 100,
              'repartition_type': 'tax',
              'account_id': ref('210701'),
              'plus_report_line_ids': [ref('tax_report_iva_debito_fiscal')],
          }),
      ]"/>
      <field name="refund_repartition_line_ids" eval="[(5, 0, 0),
          (0,0, {
              'factor_percent': 100,
              'repartition_type': 'base',
              'minus_report_line_ids': [ref('tax_report_ventas_netas_gravadas_c_iva')],
          }),
          (0,0, {
              'factor_percent': 100,
              'repartition_type': 'tax',
              'account_id': ref('210701'),
              'minus_report_line_ids': [ref('tax_report_iva_debito_fiscal')],
          }),
      ]"/>
    </record>

    <record id="IVAC_19" model="account.tax.template">
      <field name="chart_template_id" ref="cl_chart_template_sii"/>
      <field name="name">IVA 19% Compra</field>
      <field name="description">IVA 19% Compra</field>
      <field name="amount">19</field>
      <field name="sii_code">14</field>
      <field name="sequence" eval="1"/>
      <field name="amount_type">percent</field>
      <field name="type_tax_use">purchase</field>
      <field name="invoice_repartition_line_ids" eval="[(5, 0, 0),
            (0,0, {
                'factor_percent': 100,
                'repartition_type': 'base',
                'plus_report_line_ids': [ref('tax_report_compras_netas_gr_iva_recup')],
            }),
            (0,0, {
                'factor_percent': 100,
                'repartition_type': 'tax',
                'account_id': ref('110701'),
                'plus_report_line_ids': [ref('tax_report_compras_iva_recup')],
            }),
        ]"/>
        <field name="refund_repartition_line_ids" eval="[(5, 0, 0),
            (0,0, {
                'factor_percent': 100,
                'repartition_type': 'base',
                'minus_report_line_ids': [ref('tax_report_compras_netas_gr_iva_recup')],
            }),
            (0,0, {
                'factor_percent': 100,
                'repartition_type': 'tax',
                'account_id': ref('110701'),
                'minus_report_line_ids': [ref('tax_report_compras_iva_recup')],
            }),
        ]"/>
    </record>

    <record id="IVAV_17" model="account.tax.template">
      <field name="chart_template_id" ref="cl_chart_template_sii"/>
      <field name="name">IVA 19% Venta (Faenamiento Carnes)</field>
      <field name="description">IVA 19% Venta</field>
      <field name="amount">19</field>
      <field name="sii_code">17</field>
      <field name="amount_type">percent</field>
      <field name="type_tax_use">sale</field>
      <field name="sequence" eval="2"/>
      <field name="invoice_repartition_line_ids" eval="[(5, 0, 0),
          (0,0, {
              'factor_percent': 100,
              'repartition_type': 'base',
              'plus_report_line_ids': [ref('tax_report_ventas_netas_gravadas_c_iva')],
          }),
          (0,0, {
              'factor_percent': 95,
              'repartition_type': 'tax',
              'account_id': ref('210701'),
              'plus_report_line_ids': [ref('tax_report_iva_debito_fiscal')],
          }),
          (0,0, {
              'factor_percent': 5,
              'repartition_type': 'tax',
              'account_id': ref('210709'),
              'plus_report_line_ids': [ref('tax_report_iva_debito_fiscal')],
              'sii_type': 'R'
          }),
      ]"/>
      <field name="refund_repartition_line_ids" eval="[(5, 0, 0),
          (0,0, {
              'factor_percent': 100,
              'repartition_type': 'base',
              'minus_report_line_ids': [ref('tax_report_ventas_netas_gravadas_c_iva')],
          }),
          (0,0, {
              'factor_percent': 95,
              'repartition_type': 'tax',
              'account_id': ref('210701'),
              'minus_report_line_ids': [ref('tax_report_iva_debito_fiscal')],
          }),
          (0,0, {
              'factor_percent': 5,
              'repartition_type': 'tax',
              'account_id': ref('210709'),
              'minus_report_line_ids': [ref('tax_report_iva_debito_fiscal')],
              'sii_type': 'R'
          }),
      ]"/>
    </record>

    <record id="IVAV_18" model="account.tax.template">
      <field name="chart_template_id" ref="cl_chart_template_sii"/>
      <field name="name">IVA 19% Venta (Carnes)</field>
      <field name="description">IVA 19% Venta</field>
      <field name="amount">19</field>
      <field name="sii_code">18</field>
      <field name="amount_type">percent</field>
      <field name="type_tax_use">sale</field>
      <field name="sequence" eval="3"/>
      <field name="invoice_repartition_line_ids" eval="[(5, 0, 0),
          (0,0, {
              'factor_percent': 100,
              'repartition_type': 'base',
              'plus_report_line_ids': [ref('tax_report_ventas_netas_gravadas_c_iva')],
          }),
          (0,0, {
              'factor_percent': 95,
              'repartition_type': 'tax',
              'account_id': ref('210701'),
              'plus_report_line_ids': [ref('tax_report_iva_debito_fiscal')],
          }),
          (0,0, {
              'factor_percent': 5,
              'repartition_type': 'tax',
              'account_id': ref('210709'),
              'plus_report_line_ids': [ref('tax_report_iva_debito_fiscal')],
              'sii_type': 'R'
          }),
      ]"/>
      <field name="refund_repartition_line_ids" eval="[(5, 0, 0),
          (0,0, {
              'factor_percent': 100,
              'repartition_type': 'base',
              'minus_report_line_ids': [ref('tax_report_ventas_netas_gravadas_c_iva')],
          }),
          (0,0, {
              'factor_percent': 95,
              'repartition_type': 'tax',
              'account_id': ref('210701'),
              'minus_report_line_ids': [ref('tax_report_iva_debito_fiscal')],
          }),
          (0,0, {
              'factor_percent': 5,
              'repartition_type': 'tax',
              'account_id': ref('210709'),
              'minus_report_line_ids': [ref('tax_report_iva_debito_fiscal')],
              'sii_type': 'R'
          }),
      ]"/>
    </record>

    <record id="I_IU2C" model="account.tax.template">
      <field name="chart_template_id" ref="cl_chart_template_sii"/>
      <field name="name">Impuesto Unico de Segunda Categoría</field>
      <field name="description">Impuesto Unico de 2da Categoría</field>
      <field name="amount">10.750</field>
      <field name="sequence" eval="2"/>
      <field name="amount_type">percent</field>
      <field name="type_tax_use">purchase</field>
      <field name="invoice_repartition_line_ids" eval="[(5, 0, 0),
            (0,0, {
                'factor_percent': 100,
                'repartition_type': 'base',
                'plus_report_line_ids': [ref('tax_report_compras_netas_gr_iva_recup')],
            }),
            (0,0, {
                'factor_percent': 100,
                'repartition_type': 'tax',
                'account_id': ref('210704'),
                'plus_report_line_ids': [ref('tax_report_compras_iva_recup')],
                'sii_type': 'R'
            }),
        ]"/>
        <field name="refund_repartition_line_ids" eval="[(5, 0, 0),
            (0,0, {
                'factor_percent': 100,
                'repartition_type': 'base',
                'minus_report_line_ids': [ref('tax_report_compras_netas_gr_iva_recup')],
            }),
            (0,0, {
                'factor_percent': 100,
                'repartition_type': 'tax',
                'account_id': ref('210704'),
                'minus_report_line_ids': [ref('tax_report_compras_iva_recup')],
                'sii_type': 'R'
            }),
        ]"/>
    </record>

    <record id="retencion_iva" model="account.tax.template">
      <field name="chart_template_id" ref="cl_chart_template_sii"/>
      <field name="name">Retención Total IVA</field>
      <field name="description">Retención</field>
      <field name="amount">19</field>
      <field name="sii_code">15</field>
      <field name="amount_type">percent</field>
      <field name="type_tax_use">purchase</field>
      <field name="sequence" eval="4"/>
      <field name="invoice_repartition_line_ids" eval="[(5, 0, 0),
            (0,0, {
                'factor_percent': 100,
                'repartition_type': 'base',
                'plus_report_line_ids': [ref('tax_report_compras_netas_gr_iva_recup')],
            }),
            (0,0, {
                'factor_percent': 100,
                'repartition_type': 'tax',
                'account_id': ref('110708'),
                'plus_report_line_ids': [ref('tax_report_compras_iva_recup')],
                'sii_type': 'R'
            }),
        ]"/>
        <field name="refund_repartition_line_ids" eval="[(5, 0, 0),
            (0,0, {
                'factor_percent': 100,
                'repartition_type': 'base',
                'minus_report_line_ids': [ref('tax_report_compras_netas_gr_iva_recup')],
            }),
            (0,0, {
                'factor_percent': 100,
                'repartition_type': 'tax',
                'account_id': ref('110708'),
                'minus_report_line_ids': [ref('tax_report_compras_iva_recup')],
                'sii_type': 'R'
            }),
        ]"/>
    </record>

    <record id="credec_compra" model="account.tax.template">
      <field name="chart_template_id" ref="cl_chart_template_sii"/>
      <field name="name">Crédito Empresa Constructora Compras</field>
      <field name="description">19</field>
      <field name="amount">19</field>
      <field name="sii_code">14</field>
      <field name="amount_type">percent</field>
      <field name="type_tax_use">purchase</field>
      <field name="sequence" eval="4"/>
      <field name="credec" eval="True"></field>
      <field name="invoice_repartition_line_ids" eval="[(5, 0, 0),
            (0,0, {
                'factor_percent': 100,
                'repartition_type': 'base',
                'plus_report_line_ids': [ref('tax_report_compras_netas_gr_iva_recup')],
            }),
            (0,0, {
                'factor_percent': 35,
                'repartition_type': 'tax',
                'account_id': ref('110701'),
                'plus_report_line_ids': [ref('tax_report_compras_iva_recup')],
            }),
            (0,0, {
                'factor_percent': 65,
                'repartition_type': 'tax',
                'account_id': ref('110708'),
                'plus_report_line_ids': [ref('tax_report_compras_iva_recup')],
                'sii_type': 'R'
            }),
        ]"/>
        <field name="refund_repartition_line_ids" eval="[(5, 0, 0),
            (0,0, {
                'factor_percent': 100,
                'repartition_type': 'base',
                'minus_report_line_ids': [ref('tax_report_compras_netas_gr_iva_recup')],
            }),
            (0,0, {
                'factor_percent': 35,
                'repartition_type': 'tax',
                'account_id': ref('110701'),
                'minus_report_line_ids': [ref('tax_report_compras_iva_recup')],
            }),
            (0,0, {
                'factor_percent': 65,
                'repartition_type': 'tax',
                'account_id': ref('110708'),
                'minus_report_line_ids': [ref('tax_report_compras_iva_recup')],
                'sii_type': 'R'
            }),
        ]"/>
    </record>

    <record id="credec_venta" model="account.tax.template">
      <field name="chart_template_id" ref="cl_chart_template_sii"/>
      <field name="name">Crédito Empresa Constructora Ventas</field>
      <field name="description">19</field>
      <field name="amount">19</field>
      <field name="sii_code">14</field>
      <field name="amount_type">percent</field>
      <field name="type_tax_use">sale</field>
      <field name="sequence" eval="4"/>
      <field name="credec" eval="True"></field>
      <field name="invoice_repartition_line_ids" eval="[(5, 0, 0),
          (0,0, {
              'factor_percent': 100,
              'repartition_type': 'base',
              'plus_report_line_ids': [ref('tax_report_ventas_netas_gravadas_c_iva')],
          }),
          (0,0, {
              'factor_percent': 35,
              'repartition_type': 'tax',
              'account_id': ref('210701'),
              'plus_report_line_ids': [ref('tax_report_iva_debito_fiscal')],
          }),
          (0,0, {
              'factor_percent': 65,
              'repartition_type': 'tax',
              'account_id': ref('210709'),
              'plus_report_line_ids': [ref('tax_report_iva_debito_fiscal')],
              'sii_type': 'R'
          }),
      ]"/>
      <field name="refund_repartition_line_ids" eval="[(5, 0, 0),
          (0,0, {
              'factor_percent': 100,
              'repartition_type': 'base',
              'minus_report_line_ids': [ref('tax_report_ventas_netas_gravadas_c_iva')],
          }),
          (0,0, {
              'factor_percent': 35,
              'repartition_type': 'tax',
              'account_id': ref('210701'),
              'minus_report_line_ids': [ref('tax_report_iva_debito_fiscal')],
          }),
          (0,0, {
              'factor_percent': 65,
              'repartition_type': 'tax',
              'account_id': ref('210709'),
              'minus_report_line_ids': [ref('tax_report_iva_debito_fiscal')],
              'sii_type': 'R'
          }),
      ]"/>
    </record>

    <record id="exento_compra" model="account.tax.template">
      <field name="chart_template_id" ref="cl_chart_template_sii"/>
      <field name="name">Exento Compra</field>
      <field name="description">Exento</field>
      <field name="amount">0</field>
      <field name="sii_code">0</field>
       <field name="sequence" eval="3"/>
      <field name="amount_type">percent</field>
      <field name="type_tax_use">purchase</field>
    </record>

    <record id="exento_venta" model="account.tax.template">
      <field name="chart_template_id" ref="cl_chart_template_sii"/>
      <field name="name">Exento Venta</field>
      <field name="description">Exento</field>
      <field name="amount">0</field>
      <field name="sii_code">0</field>
      <field name="amount_type">percent</field>
      <field name="type_tax_use">sale</field>
      <field name="sequence" eval="2"/>
    </record>

    <record id="especifico_compra" model="account.tax.template">
      <field name="chart_template_id" ref="cl_chart_template_sii"/>
      <field name="name">Específico Compra</field>
      <field name="description">Especifico</field>
      <field name="amount">63</field>
      <field name="sii_code">29</field>
      <field name="amount_type">percent</field>
      <field name="type_tax_use">purchase</field>
      <field name="sequence" eval="5"/>
    </record>

    <record id="iva_activo_fijo" model="account.tax.template">
      <field name="chart_template_id" ref="cl_chart_template_sii"/>
      <field name="name">Activo Fijo</field>
      <field name="description">19%</field>
      <field name="amount">19</field>
      <field name="sii_code">14</field>
      <field name="amount_type">percent</field>
      <field name="type_tax_use">purchase</field>
      <field name="activo_fijo" eval="True"/>
      <field name="sequence" eval="6"/>
    </record>

    <record id="ila_compra" model="account.tax.template">
      <field name="chart_template_id" ref="cl_chart_template_sii"/>
      <field name="name">ILA (Licores, Piscos, Destilados, etc.) Vinos Compras</field>
      <field name="description">ILA 27%</field>
      <field name="amount">27</field>
      <field name="sii_code">24</field>
      <field name="amount_type">percent</field>
      <field name="type_tax_use">purchase</field>
      <field name="sequence" eval="7"/>
    </record>

    <record id="ila_vinos_compra" model="account.tax.template">
      <field name="chart_template_id" ref="cl_chart_template_sii"/>
      <field name="name">ILA Vinos Compras</field>
      <field name="description">ILA 15%</field>
      <field name="amount">15</field>
      <field name="sii_code">25</field>
      <field name="amount_type">percent</field>
      <field name="type_tax_use">purchase</field>
      <field name="sequence" eval="8"/>
    </record>

    <record id="cervezas_compra" model="account.tax.template">
      <field name="chart_template_id" ref="cl_chart_template_sii"/>
      <field name="name">Cervezas y bebidas alcohólicas Compras</field>
      <field name="description">15%</field>
      <field name="amount">15</field>
      <field name="sii_code">26</field>
      <field name="amount_type">percent</field>
      <field name="type_tax_use">purchase</field>
      <field name="sequence" eval="8"/>
    </record>

    <record id="especifico_compra_diesel" model="account.tax.template">
      <field name="chart_template_id" ref="cl_chart_template_sii"/>
      <field name="name">Impuesto Específico Diesel - Compra</field>
      <field name="description">Especifico</field>
      <field name="amount">63</field>
      <field name="sii_code">28</field>
      <field name="amount_type">percent</field>
      <field name="type_tax_use">purchase</field>
      <field name="sequence" eval="9"/>
    </record>

    <record id="especifico_venta_diesel" model="account.tax.template">
      <field name="chart_template_id" ref="cl_chart_template_sii"/>
      <field name="name">Impuesto Específico Diesel - Venta</field>
      <field name="description">Especifico Diesel</field>
      <field name="amount">1</field>
      <field name="sii_code">28</field>
      <field name="amount_type">fixed</field>
      <field name="type_tax_use">sale</field>
      <field name="sequence" eval="9"/>
      <field name="uom_id" ref="product_uom_mcub" />
      <field name="mepco">diesel</field>
    </record>

    <record id="especifico_venta_gasolina_93" model="account.tax.template">
      <field name="chart_template_id" ref="cl_chart_template_sii"/>
      <field name="name">Impuesto Específico Gasolina 93 - Venta</field>
      <field name="description">Especifico Gasolina 93</field>
      <field name="amount">1</field>
      <field name="sii_code">35</field>
      <field name="amount_type">fixed</field>
      <field name="type_tax_use">sale</field>
      <field name="sequence" eval="9"/>
      <field name="uom_id" ref="product_uom_mcub" />
      <field name="mepco">gasolina_93</field>
    </record>

    <record id="especifico_venta_gasolina_97" model="account.tax.template">
      <field name="chart_template_id" ref="cl_chart_template_sii"/>
      <field name="name">Impuesto Específico Gasolina 97 - Venta</field>
      <field name="description">Especifico Gasolina 97</field>
      <field name="amount">1</field>
      <field name="sii_code">35</field>
      <field name="amount_type">fixed</field>
      <field name="type_tax_use">sale</field>
      <field name="sequence" eval="9"/>
      <field name="uom_id" ref="product_uom_mcub" />
      <field name="mepco">gasolina_97</field>
    </record>

    <record id="especifico_compra_gasolina" model="account.tax.template">
      <field name="chart_template_id" ref="cl_chart_template_sii"/>
      <field name="name">Impuesto Específico Gasolina - Compra</field>
      <field name="description">Específico Gasolina</field>
      <field name="amount">63</field>
      <field name="sii_code">35</field>
      <field name="amount_type">percent</field>
      <field name="type_tax_use">purchase</field>
      <field name="sequence" eval="10"/>
    </record>

    <record id="especifico_art_42_d" model="account.tax.template">
      <field name="chart_template_id" ref="cl_chart_template_sii"/>
      <field name="name">Impuesto Art. 42, letra D y E</field>
      <field name="description">Art. 42, letra D y E</field>
      <field name="amount">63</field>
      <field name="sii_code">27</field>
      <field name="amount_type">percent</field>
      <field name="type_tax_use">purchase</field>
      <field name="sequence" eval="11"/>
    </record>

    <record id="especifico_art_42_c" model="account.tax.template">
      <field name="chart_template_id" ref="cl_chart_template_sii"/>
      <field name="name">Impuesto Art. 42, letra C</field>
      <field name="description">Art. 42, letra C</field>
      <field name="amount">63</field>
      <field name="sii_code">25</field>
      <field name="amount_type">percent</field>
      <field name="type_tax_use">purchase</field>
      <field name="sequence" eval="12"/>
    </record>

</odoo>
